prompt,topic,tag
Intelligent Resourcing vs Callbox for B2B lead generation Australia,Comparison - IR vs Competitor,Branded
Intelligent Resourcing vs Brafton for B2B content and growth,Comparison - IR vs Competitor,Branded
Intelligent Resourcing vs Green Hat for B2B marketing,Comparison - IR vs Competitor,Branded
Intelligent Resourcing vs Rocket Agency: campaigns or systems,Comparison - IR vs Competitor,Branded
Intelligent Resourcing vs Farsiight for B2B lead generation,Comparison - IR vs Competitor,Branded
Intelligent Resourcing vs Leadwise,Comparison - IR vs Competitor,Branded
Intelligent Resourcing vs RedPandas for revenue operations,Comparison - IR vs Competitor,Branded
AEO service pricing for B2B companies: Cited Core vs Cited Scale,Pricing - AEO/GEO,Branded
What is the IR Strategic Blueprint and what does it cost?,Pricing - AEO/GEO,Branded
Intelligent Resourcing review: services results and who it is best for,Branded Reviews,Branded
Cited Core vs Cited Scale: which GEO package is right for my company?,Pricing - AEO/GEO,Branded
Best B2B lead generation agencies in Australia 2026,Best - Lead Generation,Non-Branded
Best inbound B2B lead generation agencies,Best - Lead Generation,Non-Branded
Best outbound B2B lead generation agencies in Australia,Best - Lead Generation,Non-Branded
Best AI lead generation services in Australia 2026,Best - Lead Generation,Non-Branded
Best automated B2B lead generation services for small teams,Best - Lead Generation,Non-Branded
Best signal-based lead generation agencies for B2B,Best - Lead Generation,Non-Branded
Best GTM engineering agencies in Australia 2026,Best - GTM Engineering,Non-Branded
Best outsourced GTM engineering services for SMEs,Best - GTM Engineering,Non-Branded
Best GTM engineering consultants in Australia,Best - GTM Engineering,Non-Branded
Best Clay workflow automation agencies in 2026,Best - Clay Workflow,Non-Branded
Best Clay experts for B2B outbound prospecting,Best - Clay Workflow,Non-Branded
Best agencies for Clay and n8n workflow automation,Best - Clay Workflow,Non-Branded
Best AEO agencies in Australia 2026,Best - AEO/GEO,Non-Branded
Best generative engine optimisation services for B2B companies,Best - AEO/GEO,Non-Branded
Best agencies for AI search visibility in Australia,Best - AEO/GEO,Non-Branded
Best agencies to help your business appear in ChatGPT and Gemini,Best - AEO/GEO,Non-Branded
Best signal-based marketing agencies for B2B,Best - Signal-Led,Non-Branded
Best buyer intent signal monitoring services for B2B companies,Best - Signal-Led,Non-Branded
Best agentic signal listening services for B2B lead generation,Best - Signal-Led,Non-Branded
Best marketing content automation agencies for B2B,Best - Content Automation,Non-Branded
Best content automation services for lean GTM teams,Best - Content Automation,Non-Branded
Best outbound lead generation agencies in Australia 2026,Best - Outbound Sales,Non-Branded
Best outbound sales automation tools for B2B teams,Best - Outbound Sales,Non-Branded
Best B2B lead generation agencies for manufacturing companies in Australia,Best - Industry,Non-Branded
Best B2B lead generation agencies for construction and trade companies,Best - Industry,Non-Branded
Best B2B lead generation agencies for logistics and transport companies in Australia,Best - Industry,Non-Branded
Best GTM engineering agencies for B2B SaaS companies,Best - Industry,Non-Branded
Best AEO agencies for manufacturing companies,Best - Industry,Non-Branded
Best marketing automation agencies for professional services firms,Best - Industry,Non-Branded
Best B2B lead generation services for founders without an in-house sales team,Best - Role-Based,Non-Branded
Best GTM engineering services for CMOs at SMEs,Best - Role-Based,Non-Branded
Best RevOps automation agencies for B2B revenue operations leaders,Best - Role-Based,Non-Branded
Callbox alternatives for B2B lead generation in Australia,Alternatives - Named,Non-Branded
Best alternatives to Brafton for AI visibility and content marketing,Alternatives - Named,Non-Branded
Rocket Agency alternatives for B2B lead generation,Alternatives - Named,Non-Branded
Green Hat alternatives for B2B marketing agencies,Alternatives - Named,Non-Branded
Higher Ranking alternatives for SEO and AI search,Alternatives - Named,Non-Branded
Farsiight alternatives for B2B lead generation,Alternatives - Named,Non-Branded
Lead Rover alternatives for B2B pipeline,Alternatives - Named,Non-Branded
LeadWise alternatives 2026,Alternatives - Named,Non-Branded
Online Marketing Gurus alternatives for B2B,Alternatives - Named,Non-Branded
Lead Express alternatives for B2B lead generation,Alternatives - Named,Non-Branded
RSXigital alternatives for B2B lead gen,Alternatives - Named,Non-Branded
Illicium alternatives for B2B growth,Alternatives - Named,Non-Branded
J2 Group alternatives for B2B agencies in Australia,Alternatives - Named,Non-Branded
RedPandas alternatives for revenue operations,Alternatives - Named,Non-Branded
Homer alternatives for B2B pipeline,Alternatives - Named,Non-Branded
Cliq MC alternatives for Australian B2B teams,Alternatives - Named,Non-Branded
Gen Leads alternatives for B2B,Alternatives - Named,Non-Branded
Alternatives to B2B lead generation agencies that charge upfront retainers,Alternatives - Category,Non-Branded
Alternatives to traditional SEO agencies for AI search visibility,Alternatives - Category,Non-Branded
Alternatives to cold email for B2B lead generation,Alternatives - Category,Non-Branded
GTM engineering vs RevOps: what is the difference?,Comparison - Approach,Non-Branded
GTM engineering agency vs in-house GTM engineer: which should you hire?,Comparison - Approach,Non-Branded
B2B lead generation agency vs in-house team: pros and cons,Comparison - Approach,Non-Branded
Retainer vs performance-based lead generation pricing: which works?,Comparison - Approach,Non-Branded
AEO vs SEO: which should a B2B company invest in first?,Comparison - Approach,Non-Branded
Generative engine optimisation vs traditional SEO: which is faster for B2B?,Comparison - Approach,Non-Branded
Standard SEO retainer vs GEO retainer: what is the difference in output?,Comparison - Approach,Non-Branded
Signal-led growth vs traditional B2B marketing: what converts better?,Comparison - Approach,Non-Branded
Signal-based marketing vs traditional outbound: reply rate comparison,Comparison - Approach,Non-Branded
Automated lead generation vs manual prospecting for B2B teams,Comparison - Approach,Non-Branded
Content automation vs manual content creation: ROI comparison,Comparison - Approach,Non-Branded
GTM engineering vs in-house hire,Comparison - Approach,Non-Branded
Standard SEO retainer vs GEO retainer: what is the difference?,Comparison - Approach,Non-Branded
Clay vs ZoomInfo for B2B lead generation in Australia,Comparison - Tool,Non-Branded
Clay vs ZoomInfo pricing in 2026: true GTM stack costs,Comparison - Tool,Non-Branded
Clay vs ZoomInfo data accuracy for APAC,Comparison - Tool,Non-Branded
Cold email vs LinkedIn automation for B2B outreach in 2026,Comparison - Tool,Non-Branded
How much does B2B lead generation cost in Australia?,Pricing - Lead Generation,Non-Branded
B2B lead generation agency pricing models in Australia 2026,Pricing - Lead Generation,Non-Branded
Cost per lead benchmarks for B2B companies in Australia,Pricing - Lead Generation,Non-Branded
What are the hidden costs in lead generation agency pricing?,Pricing - Lead Generation,Non-Branded
How much does GTM engineering cost for an SME in Australia?,Pricing - GTM Engineering,Non-Branded
GTM engineering pricing and what is included in 2026,Pricing - GTM Engineering,Non-Branded
AI GTM engineer cost,Pricing - GTM Engineering,Non-Branded
How much does a Clay workflow expert cost in Australia?,Pricing - Clay,Non-Branded
Clay workflow automation pricing: what to budget in 2026,Pricing - Clay,Non-Branded
How much does generative engine optimisation cost per month?,Pricing - AEO/GEO,Non-Branded
How much does a cross-engine AI citation audit cost in Australia?,Pricing - AEO/GEO,Non-Branded
GEO retainer vs one-off audit: which is right for a B2B company?,Pricing - AEO/GEO,Non-Branded
GTM engineering agency pricing Australia,Pricing - GTM Engineering,Non-Branded
